{"cameraMode":{"drawMode":0,"name":"Shaded","section":"Shading Mode"},"sceneLighting":true,"audioPlay":false,"sceneViewState":{"showFog":true,"showMaterialUpdate":false,"showSkybox":true,"showFlares":true,"showImageEffects":true,"showParticleSystems":true},"in2DMode":false,"pivot":{"x":-5.330908298492432,"y":-2.9644508361816408,"z":-6.340390205383301},"rotation":{"x":-0.16360677778720857,"y":0.7222818732261658,"z":-0.18274475634098054,"w":-0.6466418504714966},"size":8.74454116821289,"orthographic":false}